Waypoint,Distance [m],B767-300ER (100%),B777-300 (100%),B737 (100%),A320-212 (100%),A319-131 (100%),B767-300ER (80%),B777-300 (80%),B737 (80%),A320-212 (80%),A319-131 (80%)
,,1524.0,1524.0,1524.0,1524.0,1524.0,1524.0,1524.0,1524.0,1524.0,1524.0
,,1524.0,1524.0,1524.0,1524.0,1524.0,1524.0,1524.0,1524.0,1524.0,1524.0
,,1524.0,1524.0,1524.0,1524.0,1524.0,1524.0,1524.0,1524.0,1524.0,1524.0
,,1524.0,1524.0,1524.0,1524.0,1524.0,1524.0,1524.0,1524.0,1524.0,1524.0
,,1524.0,1524.0,1524.0,1524.0,1524.0,1524.0,1524.0,1524.0,1524.0,1524.0
,,1524.0,1524.0,1524.0,1524.0,1524.0,1524.0,1524.0,1524.0,1524.0,1524.0
,,1524.0,1524.0,1524.0,1524.0,1524.0,1524.0,1524.0,1524.0,1524.0,1524.0
,,1524.0,1524.0,1524.0,1524.0,1524.0,1524.0,1524.0,1524.0,1524.0,1524.0
,,1524.0,1524.0,1524.0,1524.0,1524.0,1524.0,1524.0,1524.0,1524.0,1524.0
,,1524.0,1524.0,1524.0,1524.0,1524.0,1524.0,1524.0,1524.0,1524.0,1524.0
,,1524.0,1524.0,1524.0,1524.0,1524.0,1524.0,1524.0,1524.0,1524.0,1524.0
,,1524.0,1524.0,1524.0,1524.0,1524.0,1524.0,1524.0,1524.0,1524.0,1524.0
,,1524.0,1524.0,1524.0,1524.0,1524.0,1524.0,1524.0,1524.0,1524.0,1524.0
,,1524.0,1524.0,1524.0,1524.0,1524.0,1524.0,1524.0,1524.0,1524.0,1524.0
,,1524.0,1524.0,1524.0,1524.0,1524.0,1524.0,1524.0,1524.0,1524.0,1524.0
,,1524.0,1524.0,1524.0,1524.0,1524.0,1524.0,1524.0,1524.0,1524.0,1524.0
,,1524.0,1524.0,1524.0,1524.0,1524.0,1524.0,1524.0,1524.0,1524.0,1524.0
,,1524.0,1524.0,1524.0,1524.0,1524.0,1524.0,1524.0,1524.0,1524.0,1524.0
,,1524.0,1524.0,1524.0,1524.0,1524.0,1524.0,1524.0,1524.0,1524.0,1524.0
,,1524.0,1524.0,1524.0,1524.0,1524.0,1524.0,1524.0,1524.0,1524.0,1524.0
,,1524.0,1524.0,1524.0,1524.0,1524.0,1524.0,1524.0,1524.0,1524.0,1524.0
,,1524.0,1524.0,1524.0,1524.0,1524.0,1524.0,1524.0,1524.0,1524.0,1524.0
,,1524.0,1524.0,1524.0,1524.0,1524.0,1524.0,1524.0,1524.0,1524.0,1524.0
,,1524.0,1524.0,1524.0,1524.0,1524.0,1524.0,1524.0,1524.0,1524.0,1524.0
,,1524.0,1524.0,1524.0,1524.0,1524.0,1524.0,1524.0,1524.0,1524.0,1524.0
,,1524.0,1524.0,1524.0,1524.0,1524.0,1524.0,1524.0,1524.0,1524.0,1524.0
,,1524.0,1524.0,1524.0,1524.0,1524.0,1524.0,1524.0,1524.0,1524.0,1524.0
,,1524.0,1524.0,1524.0,1524.0,1524.0,1524.0,1524.0,1524.0,1524.0,1524.0
,,1524.0,1524.0,1524.0,1524.0,1524.0,1524.0,1524.0,1524.0,1524.0,1524.0
,,1524.0,1524.0,1524.0,1524.0,1524.0,1524.0,1524.0,1524.0,1524.0,1524.0
,,1524.0,1524.0,1524.0,1524.0,1524.0,1524.0,1524.0,1524.0,1524.0,1524.0
,,1524.0,1524.0,1524.0,1524.0,1524.0,1524.0,1524.0,1524.0,1524.0,1524.0
,,1524.0,1524.0,1524.0,1524.0,1524.0,1524.0,1524.0,1524.0,1524.0,1524.0
